Horodateur,Date , Lieu de vote  ,Quartier ,Enquêteur ,  Sexe  ,Tranche d’âge ,Êtes-vous inscrit(e) sur les listes électorales ? ,Avez-vous voté lors des dernières élections ? ,Avez-vous l’intention d’aller voter aux prochaines élections ? ,"Si l’élection avait lieu aujourd’hui, pour qui voteriez-vous ? ",  Votre choix est-il :  ,Quel est le principal problème à Yoff selon vous ? ,  Qu’attendez-vous en priorité d’un candidat ?  ,  Qu’est-ce qui pourrait vous convaincre davantage d’aller voter ?  
10/02/2026 17:07:21,06/02/2026,ECOLE  ABABACAR  LAYE,Ouest Foire,Ibrahima Diongue,Femme,26–35 ans,Oui,Oui,Oui,Seydina Issa Laye SAMB,Peut encore changer,Autre (réponse courte),Proximité avec la population,Sensibilisation de proximité
15/02/2026 12:25:27,08/02/2026,ECOLE  DIAMALAYE,Layenne,Babacar Gueye,Homme,18–25 ans,Non,Non,Indécis,Autre (réponse courte),Peut encore changer,Emploi / chômage,Changement,Programme clair
15/02/2026 12:26:55,08/02/2026,ECOLE  DIAMALAYE,Layenne,Babacar Gueye,Homme,36–45 ans,Oui,Oui,Oui,Seydina Issa Laye SAMB,Définitif,Emploi / chômage,Capacité à agir,Programme clair
15/02/2026 12:28:32,08/02/2026,ECOLE  DIAMALAYE,Layenne,Babacar Gueye,Femme,26–35 ans,Oui,Oui,Oui,Seydina Issa Laye SAMB,Peut encore changer,Emploi / chômage,Capacité à agir,Engagement sur les problèmes locaux
15/02/2026 12:42:45,08/02/2026,ECOLE  DIAMALAYE,Layenne,Babacar Gueye,Homme,18–25 ans,Oui,Oui,Oui,Seydina Issa Laye SAMB,Peut encore changer,"Emploi / chômage, Éducation","Proximité avec la population, Capacité à agir","Sensibilisation de proximité, Programme clair, Engagement sur les problèmes locaux"
15/02/2026 12:44:37,08/02/2026,ECOLE  DIAMALAYE,Layenne,Babacar Gueye,Femme,26–35 ans,Oui,Non,Oui,Seydina Issa Laye SAMB,Peut encore changer,Emploi / chômage,Proximité avec la population,Sensibilisation de proximité
15/02/2026 12:45:32,08/02/2026,ECOLE  DIAMALAYE,Layenne,Babacar Gueye,Homme,26–35 ans,Oui,Oui,Oui,Seydina Issa Laye SAMB,Peut encore changer,Emploi / chômage,"Proximité avec la population, Changement","Sensibilisation de proximité, Programme clair"
15/02/2026 12:46:19,08/02/2026,ECOLE  DIAMALAYE,Layenne,Babacar Gueye,Femme,36–45 ans,Oui,Oui,Oui,Abdoulaye Diouf Sarr,Définitif,Emploi / chômage,Proximité avec la population,Engagement sur les problèmes locaux
15/02/2026 12:47:31,08/02/2026,ECOLE  DIAMALAYE,Layenne,Babacar Gueye,Homme,18–25 ans,Non,Non,Indécis,Abdoulaye Diouf Sarr,Définitif,Emploi / chômage,"Proximité avec la population, Changement","Sensibilisation de proximité, Engagement sur les problèmes locaux"
15/02/2026 12:48:27,08/02/2026,ECOLE  DIAMALAYE,Layenne,Babacar Gueye,Femme,26–35 ans,Oui,Oui,Oui,Abdoulaye Diouf Sarr,Définitif,Emploi / chômage,"Proximité avec la population, Capacité à agir","Sensibilisation de proximité, Engagement sur les problèmes locaux"
15/02/2026 12:49:21,08/02/2026,ECOLE  DIAMALAYE,Layenne,Babacar Gueye,Homme,18–25 ans,Oui,Non,Oui,Abdoulaye Diouf Sarr,Définitif,Emploi / chômage,Proximité avec la population,"Sensibilisation de proximité, Engagement sur les problèmes locaux"
15/02/2026 12:51:41,07/02/2026,ECOLE  CITE DIAMALAYE,Cite Djily Mbaye,Alioune Diakhate,Femme,36–45 ans,Oui,Non,Oui,Autre (réponse courte),Peut encore changer,"Emploi / chômage, Sécurité","Proximité avec la population, Intégrité","Sensibilisation de proximité, Programme clair, Engagement sur les problèmes locaux"
15/02/2026 12:52:55,07/02/2026,ECOLE  CITE DIAMALAYE,Cite Djily Mbaye,Alioune Diakhate,Homme,26–35 ans,Oui,Non,Oui,Autre (réponse courte),Peut encore changer,Emploi / chômage,"Proximité avec la population, Capacité à agir",Programme clair
15/02/2026 12:56:39,07/02/2026,ECOLE  CITE DIAMALAYE,Cite Djily Mbaye,Alioune Diakhate,Femme,18–25 ans,Oui,Oui,Oui,Autre (réponse courte),Peut encore changer,Sécurité,"Expérience, Changement, Capacité à agir",Programme clair
15/02/2026 12:57:48,07/02/2026,ECOLE  CITE DIAMALAYE,Cite Djily Mbaye,Alioune Diakhate,Homme,26–35 ans,Oui,Oui,Oui,Autre (réponse courte),Peut encore changer,Emploi / chômage,"Proximité avec la population, Expérience, Capacité à agir",Programme clair
15/02/2026 12:58:59,07/02/2026,ECOLE  CITE DIAMALAYE,Cite Djily Mbaye,Alioune Diakhate,Homme,18–25 ans,Oui,Oui,Oui,Autre (réponse courte),Peut encore changer,Emploi / chômage,"Proximité avec la population, Expérience, Capacité à agir","Programme clair, Engagement sur les problèmes locaux"
15/02/2026 13:00:14,07/02/2026,ECOLE  CITE DIAMALAYE,Cite Djily Mbaye,Alioune Diakhate,Homme,26–35 ans,Oui,Oui,Oui,Seydina Issa Laye SAMB,Peut encore changer,"Sécurité, Autre (réponse courte)","Expérience, Capacité à agir",Programme clair
15/02/2026 13:01:27,07/02/2026,ECOLE  CITE DIAMALAYE,Cite Djily Mbaye,Alioune Diakhate,Homme,18–25 ans,Non,Non,Oui,Seydina Issa Laye SAMB,Peut encore changer,Emploi / chômage,"Expérience, Capacité à agir",Engagement sur les problèmes locaux
15/02/2026 13:02:44,07/02/2026,ECOLE  CITE DIAMALAYE,Cite Djily Mbaye,Alioune Diakhate,Homme,18–25 ans,Non,Non,Oui,Seydina Issa Laye SAMB,Peut encore changer,Infrastructures,"Proximité avec la population, Expérience, Capacité à agir","Programme clair, Engagement sur les problèmes locaux"
15/02/2026 13:04:01,07/02/2026,ECOLE  CITE DIAMALAYE,Cite Djily Mbaye,Alioune Diakhate,Homme,18–25 ans,Non,Non,Oui,Seydina Issa Laye SAMB,Peut encore changer,"Emploi / chômage, Sécurité",Changement,"Sensibilisation de proximité, Programme clair"
15/02/2026 13:06:37,07/02/2026,ECOLE  CITE DIAMALAYE,Cite Djily Mbaye,Alioune Diakhate,Femme,26–35 ans,Oui,Oui,Oui,Abdoulaye Diouf Sarr,Peut encore changer,Emploi / chômage,"Expérience, Changement","Programme clair, Engagement sur les problèmes locaux"
15/02/2026 13:09:07,07/02/2026,ECOLE  JAPONAISE,Apecsy,Abdalah Sy,Homme,18–25 ans,Oui,Non,Oui,Assane Mbengue,Peut encore changer,"Emploi / chômage, Éducation, Infrastructures","Changement, Capacité à agir","Sensibilisation de proximité, Engagement sur les problèmes locaux"
15/02/2026 13:10:44,07/02/2026,ECOLE  JAPONAISE,Apecsy,Abdalah Sy,Femme,18–25 ans,Oui,Non,Oui,Assane Mbengue,Peut encore changer,"Emploi / chômage, Infrastructures","Changement, Capacité à agir","Sensibilisation de proximité, Engagement sur les problèmes locaux"
15/02/2026 13:12:07,07/02/2026,ECOLE  JAPONAISE,Apecsy,Abdalah Sy,Femme,26–35 ans,Oui,Oui,Oui,Seydina Issa Laye SAMB,Peut encore changer,Sécurité,Proximité avec la population,Engagement sur les problèmes locaux
15/02/2026 13:13:23,07/02/2026,ECOLE  JAPONAISE,Apecsy,Abdalah Sy,Homme,18–25 ans,Non,Non,Oui,Abdoulaye Diouf Sarr,Peut encore changer,"Emploi / chômage, Éducation, Infrastructures",Changement,"Programme clair, Engagement sur les problèmes locaux"
15/02/2026 13:15:37,07/02/2026,ECOLE  5,Apecsy,Abdalah Sy,Femme,36–45 ans,Oui,Oui,Oui,Abdoulaye Diouf Sarr,Définitif,Santé,"Changement, Capacité à agir","Sensibilisation de proximité, Programme clair, Engagement sur les problèmes locaux"
15/02/2026 13:17:01,07/02/2026,ECOLE  JAPONAISE,Apecsy,Abdalah Sy,Homme,26–35 ans,Oui,Oui,Oui,Abdoulaye Diouf Sarr,Peut encore changer,"Éducation, Infrastructures, Sécurité","Proximité avec la population, Changement, Capacité à agir","Sensibilisation de proximité, Programme clair, Engagement sur les problèmes locaux"
15/02/2026 13:18:38,07/02/2026,ECOLE  JAPONAISE,Apecsy,Abdalah Sy,Femme,26–35 ans,Oui,Non,Oui,Abdoulaye Diouf Sarr,Peut encore changer,"Emploi / chômage, Infrastructures","Changement, Capacité à agir","Programme clair, Engagement sur les problèmes locaux"
15/02/2026 13:20:31,07/02/2026,ECOLE  5,Apecsy,Abdalah Sy,Homme,36–45 ans,Oui,Oui,Oui,Abdoulaye Diouf Sarr,Définitif,"Emploi / chômage, Santé, Éducation, Infrastructures","Changement, Capacité à agir",Rien / déjà convaincu
15/02/2026 13:21:52,07/02/2026,ECOLE  JAPONAISE,Apecsy,Abdalah Sy,Homme,18–25 ans,Oui,Oui,Oui,Abdoulaye Diouf Sarr,Peut encore changer,"Emploi / chômage, Infrastructures","Changement, Capacité à agir","Programme clair, Engagement sur les problèmes locaux"
15/02/2026 13:22:57,07/02/2026,ECOLE  JAPONAISE,Apecsy,Abdalah Sy,Homme,26–35 ans,Oui,Oui,Oui,Abdoulaye Diouf Sarr,Peut encore changer,"Emploi / chômage, Santé, Éducation, Infrastructures","Proximité avec la population, Capacité à agir","Programme clair, Engagement sur les problèmes locaux"
15/02/2026 13:26:32,12/02/2026,ECOLE  3,Dagoudane,Babacar Gueye,Homme,18–25 ans,Oui,Oui,Oui,Seydina Issa Laye SAMB,Peut encore changer,Emploi / chômage,Proximité avec la population,"Sensibilisation de proximité, Programme clair"
15/02/2026 13:28:25,12/02/2026,ECOLE  3,Dagoudane,Babacar Gueye,Femme,36–45 ans,Oui,Non,Oui,Autre (réponse courte),Peut encore changer,"Emploi / chômage, Santé",Proximité avec la population,Engagement sur les problèmes locaux
15/02/2026 13:30:33,12/02/2026,ECOLE  1,Dagoudane,Babacar Gueye,Femme,36–45 ans,Oui,Oui,Oui,Abdoulaye Diouf Sarr,Définitif,Emploi / chômage,"Proximité avec la population, Intégrité","Sensibilisation de proximité, Engagement sur les problèmes locaux"
15/02/2026 13:31:46,12/02/2026,ECOLE  1,Dagoudane,Babacar Gueye,Homme,26–35 ans,Oui,Oui,Oui,Seydina Issa Laye SAMB,Peut encore changer,Emploi / chômage,Proximité avec la population,"Sensibilisation de proximité, Programme clair"
15/02/2026 13:33:06,12/02/2026,ECOLE  3,Dagoudane,Babacar Gueye,Homme,26–35 ans,Oui,Oui,Oui,Assane Mbengue,Peut encore changer,Emploi / chômage,Changement,Programme clair
15/02/2026 13:34:36,12/02/2026,ECOLE  3,Dagoudane,Babacar Gueye,Femme,26–35 ans,Oui,Non,Oui,Seydina Issa Laye SAMB,Peut encore changer,Emploi / chômage,Changement,"Programme clair, Engagement sur les problèmes locaux"
15/02/2026 13:36:15,12/02/2026,ECOLE  3,Dagoudane,Babacar Gueye,Femme,18–25 ans,Non,Non,Oui,Abdoulaye Diouf Sarr,Peut encore changer,"Emploi / chômage, Éducation",Proximité avec la population,"Sensibilisation de proximité, Engagement sur les problèmes locaux"
15/02/2026 13:38:18,12/02/2026,ECOLE  3,Dagoudane,Babacar Gueye,Homme,26–35 ans,Oui,Oui,Oui,Autre (réponse courte),Peut encore changer,Emploi / chômage,Proximité avec la population,"Rencontre avec le candidat, Engagement sur les problèmes locaux"
15/02/2026 13:39:42,12/02/2026,ECOLE  3,Dagoudane,Babacar Gueye,Homme,36–45 ans,Oui,Oui,Oui,Abdoulaye Diouf Sarr,Définitif,Emploi / chômage,"Proximité avec la population, Expérience","Sensibilisation de proximité, Engagement sur les problèmes locaux"
15/02/2026 13:41:00,12/02/2026,ECOLE  1,Dagoudane,Babacar Gueye,Femme,26–35 ans,Oui,Oui,Oui,Abdoulaye Diouf Sarr,Définitif,Emploi / chômage,Proximité avec la population,Rien / déjà convaincu
15/02/2026 13:42:00,12/02/2026,ECOLE  3,Dagoudane,Babacar Gueye,Femme,36–45 ans,Oui,Oui,Oui,Seydina Issa Laye SAMB,Peut encore changer,Emploi / chômage,"Proximité avec la population, Changement",Sensibilisation de proximité
15/02/2026 13:43:00,12/02/2026,ECOLE  3,Dagoudane,Babacar Gueye,Homme,46–60 ans,Oui,Oui,Oui,Abdoulaye Diouf Sarr,Définitif,"Emploi / chômage, Santé",Proximité avec la population,"Sensibilisation de proximité, Engagement sur les problèmes locaux"
15/02/2026 13:44:55,12/02/2026,ECOLE  3,Dagoudane,Babacar Gueye,Femme,26–35 ans,Oui,Oui,Oui,Abdoulaye Diouf Sarr,Définitif,Emploi / chômage,Proximité avec la population,"Rencontre avec le candidat, Engagement sur les problèmes locaux"
15/02/2026 13:45:50,12/02/2026,ECOLE  1,Dagoudane,Babacar Gueye,Femme,36–45 ans,Oui,Non,Oui,Abdoulaye Diouf Sarr,Définitif,Emploi / chômage,Proximité avec la population,Engagement sur les problèmes locaux
15/02/2026 13:47:03,12/02/2026,ECOLE  1,Dagoudane,Babacar Gueye,Homme,26–35 ans,Oui,Oui,Indécis,Assane Mbengue,Peut encore changer,Emploi / chômage,Changement,Programme clair
15/02/2026 14:20:10,11/02/2026,ECOLE  6,Thonghor,Alioune Diakhate,Femme,18–25 ans,Oui,Oui,Oui,Abdoulaye Diouf Sarr,Peut encore changer,"Emploi / chômage, Santé, Éducation","Proximité avec la population, Changement, Capacité à agir","Programme clair, Engagement sur les problèmes locaux"
15/02/2026 14:21:12,11/02/2026,ECOLE  6,Thonghor,Alioune Diakhate,Homme,26–35 ans,Oui,Oui,Oui,Abdoulaye Diouf Sarr,Peut encore changer,Emploi / chômage,"Proximité avec la population, Changement, Capacité à agir","Programme clair, Engagement sur les problèmes locaux"
15/02/2026 14:22:09,11/02/2026,ECOLE  6,Thonghor,Alioune Diakhate,Femme,18–25 ans,Oui,Oui,Oui,Assane Mbengue,Peut encore changer,Emploi / chômage,"Changement, Capacité à agir",Programme clair
15/02/2026 14:23:18,11/02/2026,ECOLE  6,Thonghor,Alioune Diakhate,Homme,26–35 ans,Oui,Oui,Oui,Abdoulaye Diouf Sarr,Définitif,Emploi / chômage,"Changement, Capacité à agir","Programme clair, Engagement sur les problèmes locaux"
15/02/2026 14:24:27,11/02/2026,ECOLE  6,Thonghor,Alioune Diakhate,Femme,46–60 ans,Oui,Oui,Oui,Abdoulaye Diouf Sarr,Définitif,"Emploi / chômage, Santé, Infrastructures","Proximité avec la population, Changement, Capacité à agir","Sensibilisation de proximité, Programme clair, Engagement sur les problèmes locaux"
15/02/2026 14:25:21,11/02/2026,ECOLE  6,Thonghor,Alioune Diakhate,Femme,26–35 ans,Oui,Oui,Oui,Abdoulaye Diouf Sarr,Définitif,Santé,"Changement, Capacité à agir","Programme clair, Engagement sur les problèmes locaux"
15/02/2026 14:26:47,11/02/2026,ECOLE  6,Thonghor,Alioune Diakhate,Homme,46–60 ans,Oui,Non,Oui,Abdoulaye Diouf Sarr,Peut encore changer,"Emploi / chômage, Santé, Infrastructures","Changement, Capacité à agir","Programme clair, Engagement sur les problèmes locaux"
15/02/2026 14:27:45,11/02/2026,ECOLE  6,Thonghor,Alioune Diakhate,Homme,26–35 ans,Oui,Non,Oui,Abdoulaye Diouf Sarr,Peut encore changer,Emploi / chômage,"Changement, Capacité à agir","Programme clair, Engagement sur les problèmes locaux"
15/02/2026 14:28:40,11/02/2026,ECOLE  6,Thonghor,Alioune Diakhate,Femme,36–45 ans,Oui,Oui,Oui,Seydina Issa Laye SAMB,Peut encore changer,"Emploi / chômage, Infrastructures","Changement, Capacité à agir","Programme clair, Engagement sur les problèmes locaux"
15/02/2026 14:29:35,11/02/2026,ECOLE  6,Thonghor,Alioune Diakhate,Homme,26–35 ans,Oui,Oui,Oui,Abdoulaye Diouf Sarr,Définitif,Emploi / chômage,"Proximité avec la population, Expérience, Changement","Programme clair, Engagement sur les problèmes locaux"
15/02/2026 14:30:43,11/02/2026,ECOLE  6,Thonghor,Alioune Diakhate,Homme,26–35 ans,Oui,Oui,Oui,Seydina Issa Laye SAMB,Peut encore changer,"Emploi / chômage, Infrastructures","Proximité avec la population, Expérience, Changement","Programme clair, Engagement sur les problèmes locaux"
15/02/2026 14:31:52,11/02/2026,ECOLE  6,Thonghor,Alioune Diakhate,Homme,18–25 ans,Non,Non,Oui,Abdoulaye Diouf Sarr,Peut encore changer,Emploi / chômage,"Proximité avec la population, Changement","Programme clair, Engagement sur les problèmes locaux"
15/02/2026 14:32:57,11/02/2026,ECOLE  6,Thonghor,Alioune Diakhate,Femme,36–45 ans,Oui,Oui,Oui,Abdoulaye Diouf Sarr,Peut encore changer,"Emploi / chômage, Santé","Expérience, Changement","Programme clair, Engagement sur les problèmes locaux"
15/02/2026 14:33:56,11/02/2026,ECOLE  6,Thonghor,Alioune Diakhate,Femme,18–25 ans,Non,Non,Oui,Seydina Issa Laye SAMB,Peut encore changer,Emploi / chômage,"Proximité avec la population, Capacité à agir","Programme clair, Engagement sur les problèmes locaux"
15/02/2026 14:35:14,11/02/2026,ECOLE  6,Thonghor,Alioune Diakhate,Homme,26–35 ans,Oui,Oui,Oui,Abdoulaye Diouf Sarr,Peut encore changer,Emploi / chômage,"Changement, Capacité à agir","Programme clair, Engagement sur les problèmes locaux"
15/02/2026 14:43:14,09/02/2026,ECOLE  DIAMALAYE,Mbenguene,Alioune Diakhate,Homme,18–25 ans,Non,Non,Indécis,Seydina Issa Laye SAMB,Peut encore changer,Emploi / chômage,Proximité avec la population,Programme clair
15/02/2026 14:45:43,09/02/2026,ECOLE  DIAMALAYE,Mbenguene,Alioune Diakhate,Homme,26–35 ans,Oui,Oui,Oui,Seydina Issa Laye SAMB,Peut encore changer,"Emploi / chômage, Éducation","Changement, Capacité à agir",Engagement sur les problèmes locaux
15/02/2026 14:46:43,09/02/2026,ECOLE  DIAMALAYE,Mbenguene,Alioune Diakhate,Femme,18–25 ans,Non,Non,Oui,Seydina Issa Laye SAMB,Peut encore changer,Emploi / chômage,Changement,Programme clair
15/02/2026 14:47:37,09/02/2026,ECOLE  DIAMALAYE,Mbenguene,Alioune Diakhate,Homme,18–25 ans,Non,Non,Oui,Seydina Issa Laye SAMB,Peut encore changer,Emploi / chômage,Proximité avec la population,Programme clair
15/02/2026 14:53:05,09/02/2026,ECOLE  DIAMALAYE,Mbenguene,Alioune Diakhate,Homme,26–35 ans,Oui,Oui,Oui,Seydina Issa Laye SAMB,Peut encore changer,Emploi / chômage,Changement,Engagement sur les problèmes locaux
15/02/2026 14:54:37,09/02/2026,ECOLE  DIAMALAYE,Mbenguene,Alioune Diakhate,Homme,26–35 ans,Oui,Oui,Oui,Seydina Issa Laye SAMB,Peut encore changer,"Emploi / chômage, Éducation","Proximité avec la population, Changement","Sensibilisation de proximité, Programme clair"
15/02/2026 14:56:02,09/02/2026,ECOLE  DIAMALAYE,Mbenguene,Alioune Diakhate,Homme,36–45 ans,Oui,Oui,Oui,Assane Mbengue,Définitif,Emploi / chômage,Changement,Engagement sur les problèmes locaux
15/02/2026 14:57:22,09/02/2026,ECOLE  DIAMALAYE,Mbenguene,Alioune Diakhate,Femme,36–45 ans,Oui,Non,Oui,Autre (réponse courte),Peut encore changer,Emploi / chômage,Changement,"Programme clair, Engagement sur les problèmes locaux"
15/02/2026 14:58:22,09/02/2026,ECOLE  DIAMALAYE,Mbenguene,Alioune Diakhate,Homme,18–25 ans,Non,Non,Oui,Autre (réponse courte),Peut encore changer,Emploi / chômage,Expérience,Engagement sur les problèmes locaux
15/02/2026 14:59:29,09/02/2026,ECOLE  DIAMALAYE,Mbenguene,Alioune Diakhate,Femme,36–45 ans,Oui,Oui,Oui,Autre (réponse courte),Peut encore changer,Emploi / chômage,Changement,Engagement sur les problèmes locaux
15/02/2026 15:01:09,09/02/2026,ECOLE  DIAMALAYE,Mbenguene,Alioune Diakhate,Femme,26–35 ans,Oui,Oui,Oui,Abdoulaye Diouf Sarr,Définitif,"Emploi / chômage, Éducation","Proximité avec la population, Expérience","Programme clair, Engagement sur les problèmes locaux"
15/02/2026 15:03:25,09/02/2026,ECOLE  DIAMALAYE,Mbenguene,Alioune Diakhate,Femme,36–45 ans,Oui,Non,Oui,Abdoulaye Diouf Sarr,Définitif,Emploi / chômage,Expérience,"Programme clair, Engagement sur les problèmes locaux"
15/02/2026 15:10:51,09/02/2026,ECOLE  5,Mbenguene,Alioune Diakhate,Homme,26–35 ans,Oui,Oui,Oui,Abdoulaye Diouf Sarr,Définitif,Emploi / chômage,Expérience,Engagement sur les problèmes locaux
15/02/2026 15:12:19,09/02/2026,ECOLE  DIAMALAYE,Mbenguene,Alioune Diakhate,Homme,36–45 ans,Oui,Non,Oui,Abdoulaye Diouf Sarr,Définitif,Emploi / chômage,Proximité avec la population,"Sensibilisation de proximité, Engagement sur les problèmes locaux"
15/02/2026 15:13:22,09/02/2026,ECOLE  DIAMALAYE,Mbenguene,Alioune Diakhate,Homme,26–35 ans,Oui,Oui,Oui,Abdoulaye Diouf Sarr,Peut encore changer,"Emploi / chômage, Santé","Proximité avec la population, Expérience","Sensibilisation de proximité, Engagement sur les problèmes locaux"
15/02/2026 15:21:22,11/02/2026,ECOLE  AEROPORT  YOFF,Aeroport,Ibrahima Diongue,Homme,26–35 ans,Oui,Oui,Indécis,Seydina Issa Laye SAMB,Peut encore changer,Emploi / chômage,Proximité avec la population,Sensibilisation de proximité
15/02/2026 15:23:10,11/02/2026,ECOLE  AEROPORT  YOFF,Aeroport,Ibrahima Diongue,Homme,36–45 ans,Oui,Oui,Oui,Abdoulaye Diouf Sarr,Peut encore changer,Emploi / chômage,"Proximité avec la population, Expérience","Sensibilisation de proximité, Engagement sur les problèmes locaux"
15/02/2026 15:24:09,11/02/2026,ECOLE  AEROPORT  YOFF,Aeroport,Ibrahima Diongue,Femme,18–25 ans,Non,Non,Oui,Abdoulaye Diouf Sarr,Peut encore changer,Emploi / chômage,Proximité avec la population,"Sensibilisation de proximité, Engagement sur les problèmes locaux"
15/02/2026 15:25:05,11/02/2026,ECOLE  AEROPORT  YOFF,Aeroport,Ibrahima Diongue,Femme,26–35 ans,Oui,Oui,Oui,Seydina Issa Laye SAMB,Peut encore changer,"Emploi / chômage, Sécurité",Changement,"Sensibilisation de proximité, Rencontre avec le candidat"
15/02/2026 15:26:05,11/02/2026,ECOLE  AEROPORT  YOFF,Aeroport,Ibrahima Diongue,Homme,18–25 ans,Non,Non,Indécis,Autre (réponse courte),Peut encore changer,Emploi / chômage,Proximité avec la population,Programme clair
15/02/2026 15:27:12,11/02/2026,ECOLE  AEROPORT  YOFF,Aeroport,Ibrahima Diongue,Femme,36–45 ans,Oui,Oui,Oui,Abdoulaye Diouf Sarr,Définitif,"Emploi / chômage, Éducation, Sécurité","Proximité avec la population, Expérience","Sensibilisation de proximité, Programme clair, Engagement sur les problèmes locaux"
15/02/2026 15:28:31,11/02/2026,ECOLE  AEROPORT  YOFF,Aeroport,Ibrahima Diongue,Femme,26–35 ans,Oui,Non,Oui,Seydina Issa Laye SAMB,Peut encore changer,"Emploi / chômage, Sécurité",Proximité avec la population,Engagement sur les problèmes locaux
15/02/2026 15:29:23,11/02/2026,ECOLE  AEROPORT  YOFF,Aeroport,Ibrahima Diongue,Homme,26–35 ans,Oui,Oui,Oui,Autre (réponse courte),Peut encore changer,"Emploi / chômage, Sécurité","Proximité avec la population, Expérience","Sensibilisation de proximité, Rencontre avec le candidat"
15/02/2026 15:30:17,11/02/2026,ECOLE  AEROPORT  YOFF,Aeroport,Ibrahima Diongue,Homme,26–35 ans,Oui,Non,Oui,Autre (réponse courte),Peut encore changer,"Emploi / chômage, Sécurité","Expérience, Changement","Programme clair, Rencontre avec le candidat"
15/02/2026 15:31:07,11/02/2026,ECOLE  AEROPORT  YOFF,Aeroport,Ibrahima Diongue,Homme,36–45 ans,Oui,Oui,Oui,Abdoulaye Diouf Sarr,Peut encore changer,Emploi / chômage,"Proximité avec la population, Capacité à agir","Sensibilisation de proximité, Engagement sur les problèmes locaux"
15/02/2026 15:33:00,11/02/2026,ECOLE  YOFF  4,Ndeungagne,Babacar Gueye,Femme,36–45 ans,Oui,Non,Oui,Autre (réponse courte),Peut encore changer,Emploi / chômage,Proximité avec la population,Sensibilisation de proximité
15/02/2026 15:33:50,11/02/2026,ECOLE  YOFF  4,Ndeungagne,Babacar Gueye,Femme,26–35 ans,Oui,Oui,Oui,Seydina Issa Laye SAMB,Peut encore changer,Emploi / chômage,Proximité avec la population,"Sensibilisation de proximité, Programme clair"
15/02/2026 15:34:46,11/02/2026,ECOLE  YOFF  4,Ndeungagne,Babacar Gueye,Homme,26–35 ans,Oui,Oui,Oui,Seydina Issa Laye SAMB,Définitif,Emploi / chômage,Proximité avec la population,"Sensibilisation de proximité, Programme clair"
15/02/2026 15:35:46,11/02/2026,ECOLE  YOFF  4,Ndeungagne,Babacar Gueye,Homme,36–45 ans,Oui,Oui,Oui,Abdoulaye Diouf Sarr,Définitif,Emploi / chômage,"Expérience, Intégrité","Sensibilisation de proximité, Engagement sur les problèmes locaux"
15/02/2026 15:36:46,11/02/2026,ECOLE  YOFF  4,Ndeungagne,Babacar Gueye,Homme,18–25 ans,Non,Non,Indécis,Autre (réponse courte),Peut encore changer,Emploi / chômage,Proximité avec la population,Engagement sur les problèmes locaux
15/02/2026 15:37:39,11/02/2026,ECOLE  YOFF  4,Ndeungagne,Babacar Gueye,Femme,26–35 ans,Oui,Non,Oui,Abdoulaye Diouf Sarr,Définitif,Emploi / chômage,Proximité avec la population,Engagement sur les problèmes locaux
15/02/2026 15:38:52,11/02/2026,ECOLE  3,Ndeungagne,Babacar Gueye,Homme,18–25 ans,Oui,Oui,Oui,Seydina Issa Laye SAMB,Peut encore changer,Emploi / chômage,Changement,Sensibilisation de proximité
15/02/2026 15:40:02,11/02/2026,ECOLE  3,Ndeungagne,Babacar Gueye,Homme,36–45 ans,Oui,Oui,Oui,Abdoulaye Diouf Sarr,Définitif,"Emploi / chômage, Sécurité",Expérience,"Programme clair, Engagement sur les problèmes locaux"
15/02/2026 15:41:55,11/02/2026,ECOLE  YOFF  4,Ndeungagne,Babacar Gueye,Femme,36–45 ans,Oui,Oui,Oui,Abdoulaye Diouf Sarr,Définitif,Emploi / chômage,Proximité avec la population,Engagement sur les problèmes locaux
15/02/2026 15:42:50,11/02/2026,ECOLE  YOFF  4,Ndeungagne,Babacar Gueye,Homme,18–25 ans,Non,Non,Indécis,Autre (réponse courte),Peut encore changer,Emploi / chômage,Proximité avec la population,Rencontre avec le candidat
15/02/2026 15:43:48,11/02/2026,ECOLE  3,Ndeungagne,Babacar Gueye,Femme,26–35 ans,Oui,Oui,Oui,Autre (réponse courte),Peut encore changer,Emploi / chômage,Proximité avec la population,"Sensibilisation de proximité, Engagement sur les problèmes locaux"
15/02/2026 15:46:00,11/02/2026,ECOLE  3,Ndeungagne,Babacar Gueye,Femme,26–35 ans,Oui,Oui,Oui,Seydina Issa Laye SAMB,Définitif,Emploi / chômage,Proximité avec la population,Programme clair
15/02/2026 15:47:14,11/02/2026,ECOLE  YOFF  4,Ndeungagne,Babacar Gueye,Femme,36–45 ans,Oui,Non,Oui,Abdoulaye Diouf Sarr,Définitif,Emploi / chômage,Proximité avec la population,Engagement sur les problèmes locaux
15/02/2026 15:48:06,11/02/2026,ECOLE  3,Ndeungagne,Babacar Gueye,Homme,36–45 ans,Oui,Oui,Oui,Abdoulaye Diouf Sarr,Peut encore changer,Emploi / chômage,Proximité avec la population,"Programme clair, Engagement sur les problèmes locaux"
15/02/2026 15:49:25,11/02/2026,ECOLE  3,Ndeungagne,Babacar Gueye,Homme,26–35 ans,Oui,Non,Oui,Abdoulaye Diouf Sarr,Définitif,Emploi / chômage,Proximité avec la population,"Sensibilisation de proximité, Engagement sur les problèmes locaux"
15/02/2026 15:52:27,09/02/2026,ECOLE  DIAMALAYE,Ngaparou,Babacar Gueye,Homme,26–35 ans,Oui,Non,Oui,Autre (réponse courte),Peut encore changer,Emploi / chômage,"Proximité avec la population, Expérience","Sensibilisation de proximité, Programme clair, Engagement sur les problèmes locaux"
15/02/2026 15:53:22,09/02/2026,ECOLE  DIAMALAYE,Ngaparou,Babacar Gueye,Femme,18–25 ans,Non,Non,Oui,Autre (réponse courte),Peut encore changer,Emploi / chômage,Proximité avec la population,Sensibilisation de proximité
15/02/2026 15:54:15,09/02/2026,ECOLE  5,Ngaparou,Babacar Gueye,Homme,26–35 ans,Oui,Oui,Oui,Seydina Issa Laye SAMB,Peut encore changer,"Emploi / chômage, Éducation",Changement,Programme clair
15/02/2026 15:55:08,09/02/2026,ECOLE  DIAMALAYE,Ngaparou,Babacar Gueye,Homme,26–35 ans,Oui,Oui,Oui,Seydina Issa Laye SAMB,Définitif,Emploi / chômage,Proximité avec la population,Programme clair
15/02/2026 15:56:26,09/02/2026,ECOLE  DIAMALAYE,Ngaparou,Babacar Gueye,Femme,18–25 ans,Non,Non,Oui,Abdoulaye Diouf Sarr,Définitif,Emploi / chômage,Proximité avec la population,Engagement sur les problèmes locaux
15/02/2026 15:57:26,09/02/2026,ECOLE  DIAMALAYE,Ngaparou,Babacar Gueye,Femme,36–45 ans,Oui,Oui,Oui,Abdoulaye Diouf Sarr,Définitif,Emploi / chômage,Proximité avec la population,"Sensibilisation de proximité, Engagement sur les problèmes locaux"
15/02/2026 15:58:28,09/02/2026,ECOLE  DIAMALAYE,Ngaparou,Babacar Gueye,Homme,18–25 ans,Non,Non,Oui,Abdoulaye Diouf Sarr,Définitif,Emploi / chômage,Proximité avec la population,"Sensibilisation de proximité, Engagement sur les problèmes locaux"
15/02/2026 16:02:12,09/02/2026,ECOLE  5,Ngaparou,Babacar Gueye,Homme,26–35 ans,Oui,Non,Oui,Abdoulaye Diouf Sarr,Définitif,"Emploi / chômage, Santé, Éducation","Proximité avec la population, Expérience","Sensibilisation de proximité, Programme clair, Engagement sur les problèmes locaux"
15/02/2026 16:03:37,09/02/2026,ECOLE  DIAMALAYE,Ngaparou,Babacar Gueye,Homme,36–45 ans,Oui,Non,Oui,Abdoulaye Diouf Sarr,Définitif,Emploi / chômage,Proximité avec la population,Engagement sur les problèmes locaux
15/02/2026 16:04:52,09/02/2026,ECOLE  DIAMALAYE,Ngaparou,Babacar Gueye,Femme,18–25 ans,Non,Non,Oui,Abdoulaye Diouf Sarr,Définitif,Emploi / chômage,Expérience,Engagement sur les problèmes locaux
15/02/2026 16:05:48,09/02/2026,ECOLE  5,Ngaparou,Babacar Gueye,Homme,18–25 ans,Oui,Non,Oui,Abdoulaye Diouf Sarr,Définitif,Emploi / chômage,Proximité avec la population,Engagement sur les problèmes locaux
15/02/2026 16:07:02,09/02/2026,ECOLE  DIAMALAYE,Ngaparou,Babacar Gueye,Homme,26–35 ans,Oui,Oui,Oui,Abdoulaye Diouf Sarr,Définitif,"Emploi / chômage, Éducation","Proximité avec la population, Expérience","Sensibilisation de proximité, Engagement sur les problèmes locaux"
15/02/2026 16:07:54,09/02/2026,ECOLE  DIAMALAYE,Ngaparou,Babacar Gueye,Femme,36–45 ans,Oui,Oui,Oui,Abdoulaye Diouf Sarr,Définitif,Emploi / chômage,Proximité avec la population,"Sensibilisation de proximité, Engagement sur les problèmes locaux"
15/02/2026 16:08:59,09/02/2026,ECOLE  DIAMALAYE,Ngaparou,Babacar Gueye,Homme,26–35 ans,Oui,Oui,Oui,Abdoulaye Diouf Sarr,Définitif,"Emploi / chômage, Santé","Proximité avec la population, Expérience","Sensibilisation de proximité, Engagement sur les problèmes locaux"
15/02/2026 16:09:47,09/02/2026,ECOLE  DIAMALAYE,Ngaparou,Babacar Gueye,Femme,36–45 ans,Oui,Oui,Oui,Abdoulaye Diouf Sarr,Définitif,Emploi / chômage,Proximité avec la population,Engagement sur les problèmes locaux
15/02/2026 16:12:10,07/02/2026,ECOLE  5,Sicap,Babacar Gueye,Femme,26–35 ans,Oui,Oui,Oui,Assane Mbengue,Peut encore changer,Emploi / chômage,"Proximité avec la population, Capacité à agir","Sensibilisation de proximité, Engagement sur les problèmes locaux"
15/02/2026 16:12:57,07/02/2026,ECOLE  5,Sicap,Babacar Gueye,Homme,36–45 ans,Oui,Oui,Oui,Seydina Issa Laye SAMB,Peut encore changer,Emploi / chômage,Changement,Rencontre avec le candidat
15/02/2026 16:14:22,07/02/2026,ECOLE  5,Sicap,Babacar Gueye,Homme,36–45 ans,Oui,Oui,Oui,Seydina Issa Laye SAMB,Peut encore changer,"Emploi / chômage, Infrastructures","Proximité avec la population, Capacité à agir","Programme clair, Rencontre avec le candidat"
15/02/2026 16:15:59,07/02/2026,ECOLE  5,Sicap,Babacar Gueye,Femme,36–45 ans,Oui,Oui,Oui,Seydina Issa Laye SAMB,Peut encore changer,"Éducation, Infrastructures","Changement, Capacité à agir","Programme clair, Engagement sur les problèmes locaux"
15/02/2026 16:17:09,07/02/2026,ECOLE  5,Sicap,Babacar Gueye,Homme,26–35 ans,Oui,Oui,Oui,Abdoulaye Diouf Sarr,Peut encore changer,"Emploi / chômage, Infrastructures","Proximité avec la population, Changement","Sensibilisation de proximité, Engagement sur les problèmes locaux"
15/02/2026 16:19:30,07/02/2026,ECOLE  5,Sicap,Babacar Gueye,Femme,36–45 ans,Oui,Oui,Oui,Abdoulaye Diouf Sarr,Peut encore changer,Emploi / chômage,Proximité avec la population,Programme clair
15/02/2026 16:21:03,07/02/2026,ECOLE  5,Sicap,Babacar Gueye,Homme,26–35 ans,Oui,Oui,Oui,Abdoulaye Diouf Sarr,Définitif,Emploi / chômage,"Proximité avec la population, Expérience, Intégrité","Sensibilisation de proximité, Engagement sur les problèmes locaux"
15/02/2026 16:22:09,07/02/2026,ECOLE  5,Sicap,Babacar Gueye,Homme,18–25 ans,Non,Non,Oui,Abdoulaye Diouf Sarr,Définitif,Emploi / chômage,"Proximité avec la population, Changement","Sensibilisation de proximité, Programme clair"
15/02/2026 16:23:18,07/02/2026,ECOLE  5,Sicap,Babacar Gueye,Femme,26–35 ans,Oui,Oui,Oui,Abdoulaye Diouf Sarr,Peut encore changer,Emploi / chômage,"Proximité avec la population, Changement","Programme clair, Engagement sur les problèmes locaux"
15/02/2026 16:24:13,07/02/2026,ECOLE  5,Sicap,Babacar Gueye,Homme,46–60 ans,Oui,Oui,Oui,Abdoulaye Diouf Sarr,Définitif,"Emploi / chômage, Infrastructures","Proximité avec la population, Changement","Sensibilisation de proximité, Engagement sur les problèmes locaux"
15/02/2026 16:26:01,12/02/2026,ECOLE  KENJIRO,Ndenatte,Alioune Diakhate,Homme,26–35 ans,Oui,Oui,Oui,Abdoulaye Diouf Sarr,Peut encore changer,"Emploi / chômage, Santé, Éducation","Proximité avec la population, Changement, Capacité à agir","Sensibilisation de proximité, Programme clair, Rencontre avec le candidat, Engagement sur les problèmes locaux"
15/02/2026 16:27:19,12/02/2026,ECOLE  KENJIRO,Ndenatte,Alioune Diakhate,Femme,36–45 ans,Oui,Oui,Oui,Abdoulaye Diouf Sarr,Définitif,"Emploi / chômage, Santé","Proximité avec la population, Changement, Capacité à agir","Sensibilisation de proximité, Programme clair, Rencontre avec le candidat, Engagement sur les problèmes locaux"
15/02/2026 16:28:24,12/02/2026,ECOLE  KENJIRO,Ndenatte,Alioune Diakhate,Homme,18–25 ans,Oui,Oui,Oui,Seydina Issa Laye SAMB,Peut encore changer,Emploi / chômage,"Proximité avec la population, Changement, Capacité à agir","Sensibilisation de proximité, Programme clair, Engagement sur les problèmes locaux"
15/02/2026 16:29:50,12/02/2026,ECOLE  1,Ndenatte,Alioune Diakhate,Homme,46–60 ans,Oui,Oui,Oui,Abdoulaye Diouf Sarr,Définitif,"Emploi / chômage, Santé, Infrastructures","Proximité avec la population, Expérience, Changement, Capacité à agir","Sensibilisation de proximité, Programme clair, Engagement sur les problèmes locaux"
15/02/2026 16:30:59,12/02/2026,ECOLE  KENJIRO,Ndenatte,Alioune Diakhate,Homme,26–35 ans,Oui,Oui,Oui,Abdoulaye Diouf Sarr,Définitif,"Emploi / chômage, Santé, Éducation","Proximité avec la population, Changement, Capacité à agir","Programme clair, Engagement sur les problèmes locaux"
15/02/2026 16:32:10,12/02/2026,ECOLE  KENJIRO,Ndenatte,Alioune Diakhate,Homme,18–25 ans,Oui,Oui,Oui,Abdoulaye Diouf Sarr,Peut encore changer,"Emploi / chômage, Santé, Infrastructures","Proximité avec la population, Changement, Capacité à agir","Sensibilisation de proximité, Programme clair, Engagement sur les problèmes locaux"
15/02/2026 16:33:54,12/02/2026,ECOLE  KENJIRO,Ndenatte,Alioune Diakhate,Homme,26–35 ans,Oui,Oui,Oui,Abdoulaye Diouf Sarr,Définitif,"Emploi / chômage, Santé, Éducation, Infrastructures","Changement, Capacité à agir","Programme clair, Engagement sur les problèmes locaux"
15/02/2026 16:35:27,12/02/2026,ECOLE  KENJIRO,Ndenatte,Alioune Diakhate,Homme,26–35 ans,Oui,Oui,Oui,Abdoulaye Diouf Sarr,Peut encore changer,"Emploi / chômage, Infrastructures","Changement, Capacité à agir",Programme clair
15/02/2026 16:36:28,12/02/2026,ECOLE  KENJIRO,Ndenatte,Alioune Diakhate,Homme,18–25 ans,Oui,Oui,Oui,Abdoulaye Diouf Sarr,Définitif,Emploi / chômage,"Changement, Capacité à agir","Programme clair, Engagement sur les problèmes locaux"
15/02/2026 16:37:32,12/02/2026,ECOLE  KENJIRO,Ndenatte,Alioune Diakhate,Homme,26–35 ans,Oui,Oui,Oui,Abdoulaye Diouf Sarr,Peut encore changer,Emploi / chômage,"Changement, Capacité à agir","Programme clair, Engagement sur les problèmes locaux"
15/02/2026 16:38:28,12/02/2026,ECOLE  1,Ndenatte,Alioune Diakhate,Homme,26–35 ans,Oui,Oui,Oui,Abdoulaye Diouf Sarr,Peut encore changer,Emploi / chômage,"Changement, Capacité à agir","Programme clair, Engagement sur les problèmes locaux"
15/02/2026 16:39:22,12/02/2026,ECOLE  KENJIRO,Ndenatte,Alioune Diakhate,Homme,18–25 ans,Oui,Oui,Oui,Abdoulaye Diouf Sarr,Définitif,"Emploi / chômage, Infrastructures",Changement,"Programme clair, Engagement sur les problèmes locaux"
15/02/2026 16:40:14,12/02/2026,ECOLE  KENJIRO,Ndenatte,Alioune Diakhate,Homme,26–35 ans,Oui,Oui,Oui,Abdoulaye Diouf Sarr,Définitif,"Emploi / chômage, Infrastructures","Changement, Capacité à agir","Programme clair, Engagement sur les problèmes locaux"
15/02/2026 16:41:05,12/02/2026,ECOLE  KENJIRO,Ndenatte,Alioune Diakhate,Homme,26–35 ans,Oui,Oui,Oui,Abdoulaye Diouf Sarr,Peut encore changer,Emploi / chômage,"Changement, Capacité à agir","Programme clair, Engagement sur les problèmes locaux"
15/02/2026 16:42:42,12/02/2026,ECOLE  1,Ndenatte,Alioune Diakhate,Homme,26–35 ans,Oui,Oui,Oui,Abdoulaye Diouf Sarr,Peut encore changer,Emploi / chômage,"Changement, Capacité à agir","Programme clair, Engagement sur les problèmes locaux"
15/02/2026 16:48:33,06/02/2026,ECOLE  ABABACAR  LAYE,Ouest Foire,Ibrahima Diongue,Homme,18–25 ans,Oui,Oui,Oui,Seydina Issa Laye SAMB,Peut encore changer,Emploi / chômage,Changement,Programme clair
15/02/2026 16:49:45,06/02/2026,ECOLE  ABABACAR  LAYE,Ouest Foire,Ibrahima Diongue,Homme,26–35 ans,Oui,Oui,Oui,Seydina Issa Laye SAMB,Peut encore changer,Emploi / chômage,Proximité avec la population,Sensibilisation de proximité
15/02/2026 16:50:51,06/02/2026,ECOLE  ABABACAR  LAYE,Ouest Foire,Ibrahima Diongue,Femme,26–35 ans,Oui,Oui,Oui,Seydina Issa Laye SAMB,Définitif,"Emploi / chômage, Infrastructures",Capacité à agir,Programme clair
15/02/2026 16:51:55,06/02/2026,ECOLE  ABABACAR  LAYE,Ouest Foire,Ibrahima Diongue,Femme,18–25 ans,Non,Non,Oui,Autre (réponse courte),Peut encore changer,Emploi / chômage,Proximité avec la population,Engagement sur les problèmes locaux
15/02/2026 16:53:09,06/02/2026,ECOLE  ABABACAR  LAYE,Ouest Foire,Ibrahima Diongue,Homme,36–45 ans,Oui,Oui,Oui,Abdoulaye Diouf Sarr,Définitif,"Emploi / chômage, Infrastructures",Expérience,Sensibilisation de proximité
15/02/2026 16:54:28,06/02/2026,ECOLE  ABABACAR  LAYE,Ouest Foire,Ibrahima Diongue,Homme,26–35 ans,Oui,Oui,Oui,Abdoulaye Diouf Sarr,Définitif,"Emploi / chômage, Sécurité","Proximité avec la population, Expérience","Sensibilisation de proximité, Programme clair"
15/02/2026 16:55:44,06/02/2026,ECOLE  ABABACAR  LAYE,Ouest Foire,Ibrahima Diongue,Homme,26–35 ans,Oui,Non,Oui,Abdoulaye Diouf Sarr,Peut encore changer,"Emploi / chômage, Santé, Sécurité","Proximité avec la population, Changement","Programme clair, Engagement sur les problèmes locaux"
15/02/2026 16:57:57,05/02/2026,ECOLE  DIAMALAYE,Nord Foire,Ibrahima Diongue,Homme,26–35 ans,Oui,Oui,Oui,Abdoulaye Diouf Sarr,Définitif,Emploi / chômage,Expérience,Engagement sur les problèmes locaux
15/02/2026 16:59:28,05/02/2026,ECOLE  JAPONAISE,Nord Foire,Ibrahima Diongue,Homme,26–35 ans,Non,Non,Indécis,Mbene Faye,Peut encore changer,"Emploi / chômage, Autre (réponse courte)",Changement,Programme clair
15/02/2026 17:00:38,05/02/2026,ECOLE  JAPONAISE,Nord Foire,Ibrahima Diongue,Homme,18–25 ans,Non,Non,Oui,Seydina Issa Laye SAMB,Peut encore changer,"Emploi / chômage, Infrastructures",Expérience,Engagement sur les problèmes locaux
15/02/2026 17:01:28,05/02/2026,ECOLE  JAPONAISE,Nord Foire,Ibrahima Diongue,Homme,36–45 ans,Oui,Oui,Indécis,Abdoulaye Diouf Sarr,Peut encore changer,"Emploi / chômage, Sécurité",Changement,Programme clair
15/02/2026 17:02:30,05/02/2026,ECOLE  JAPONAISE,Nord Foire,Ibrahima Diongue,Femme,36–45 ans,Oui,Oui,Oui,Autre (réponse courte),Peut encore changer,"Emploi / chômage, Sécurité",Proximité avec la population,Rencontre avec le candidat
15/02/2026 17:03:39,05/02/2026,ECOLE  JAPONAISE,Nord Foire,Ibrahima Diongue,Homme,26–35 ans,Oui,Oui,Oui,Abdoulaye Diouf Sarr,Définitif,"Emploi / chômage, Éducation",Proximité avec la population,Sensibilisation de proximité
15/02/2026 17:04:43,05/02/2026,ECOLE  JAPONAISE,Nord Foire,Ibrahima Diongue,Homme,26–35 ans,Non,Non,Oui,Mbene Faye,Définitif,Autre (réponse courte),Proximité avec la population,Engagement sur les problèmes locaux
15/02/2026 17:06:15,05/02/2026,ECOLE  JAPONAISE,Nord Foire,Ibrahima Diongue,Homme,18–25 ans,Oui,Non,Oui,Autre (réponse courte),Peut encore changer,Autre (réponse courte),Proximité avec la population,Programme clair
15/02/2026 17:07:15,05/02/2026,ECOLE  JAPONAISE,Nord Foire,Ibrahima Diongue,Homme,18–25 ans,Oui,Oui,Oui,Abdoulaye Diouf Sarr,Définitif,Emploi / chômage,Capacité à agir,Programme clair
15/02/2026 17:08:15,05/02/2026,ECOLE  JAPONAISE,Nord Foire,Ibrahima Diongue,Femme,26–35 ans,Oui,Oui,Oui,Seydina Issa Laye SAMB,Peut encore changer,Emploi / chômage,Changement,Engagement sur les problèmes locaux